[{"model": "auth.permission", "pk": 1, "fields": {"name": "Can add log entry", "content_type": 1, "codename": "add_logentry"}}, {"model": "auth.permission", "pk": 2, "fields": {"name": "Can change log entry", "content_type": 1, "codename": "change_logentry"}}, {"model": "auth.permission", "pk": 3, "fields": {"name": "Can delete log entry", "content_type": 1, "codename": "delete_logentry"}}, {"model": "auth.permission", "pk": 4, "fields": {"name": "Can view log entry", "content_type": 1, "codename": "view_logentry"}}, {"model": "auth.permission", "pk": 5, "fields": {"name": "Can add permission", "content_type": 2, "codename": "add_permission"}}, {"model": "auth.permission", "pk": 6, "fields": {"name": "Can change permission", "content_type": 2, "codename": "change_permission"}}, {"model": "auth.permission", "pk": 7, "fields": {"name": "Can delete permission", "content_type": 2, "codename": "delete_permission"}}, {"model": "auth.permission", "pk": 8, "fields": {"name": "Can view permission", "content_type": 2, "codename": "view_permission"}}, {"model": "auth.permission", "pk": 9, "fields": {"name": "Can add group", "content_type": 3, "codename": "add_group"}}, {"model": "auth.permission", "pk": 10, "fields": {"name": "Can change group", "content_type": 3, "codename": "change_group"}}, {"model": "auth.permission", "pk": 11, "fields": {"name": "Can delete group", "content_type": 3, "codename": "delete_group"}}, {"model": "auth.permission", "pk": 12, "fields": {"name": "Can view group", "content_type": 3, "codename": "view_group"}}, {"model": "auth.permission", "pk": 13, "fields": {"name": "Can add user", "content_type": 4, "codename": "add_user"}}, {"model": "auth.permission", "pk": 14, "fields": {"name": "Can change user", "content_type": 4, "codename": "change_user"}}, {"model": "auth.permission", "pk": 15, "fields": {"name": "Can delete user", "content_type": 4, "codename": "delete_user"}}, {"model": "auth.permission", "pk": 16, "fields": {"name": "Can view user", "content_type": 4, "codename": "view_user"}}, {"model": "auth.permission", "pk": 17, "fields": {"name": "Can add content type", "content_type": 5, "codename": "add_contenttype"}}, {"model": "auth.permission", "pk": 18, "fields": {"name": "Can change content type", "content_type": 5, "codename": "change_contenttype"}}, {"model": "auth.permission", "pk": 19, "fields": {"name": "Can delete content type", "content_type": 5, "codename": "delete_contenttype"}}, {"model": "auth.permission", "pk": 20, "fields": {"name": "Can view content type", "content_type": 5, "codename": "view_contenttype"}}, {"model": "auth.permission", "pk": 21, "fields": {"name": "Can add session", "content_type": 6, "codename": "add_session"}}, {"model": "auth.permission", "pk": 22, "fields": {"name": "Can change session", "content_type": 6, "codename": "change_session"}}, {"model": "auth.permission", "pk": 23, "fields": {"name": "Can delete session", "content_type": 6, "codename": "delete_session"}}, {"model": "auth.permission", "pk": 24, "fields": {"name": "Can view session", "content_type": 6, "codename": "view_session"}}, {"model": "auth.permission", "pk": 25, "fields": {"name": "Can add posts", "content_type": 7, "codename": "add_posts"}}, {"model": "auth.permission", "pk": 26, "fields": {"name": "Can change posts", "content_type": 7, "codename": "change_posts"}}, {"model": "auth.permission", "pk": 27, "fields": {"name": "Can delete posts", "content_type": 7, "codename": "delete_posts"}}, {"model": "auth.permission", "pk": 28, "fields": {"name": "Can view posts", "content_type": 7, "codename": "view_posts"}}, {"model": "auth.permission", "pk": 29, "fields": {"name": "Can add comments", "content_type": 8, "codename": "add_comments"}}, {"model": "auth.permission", "pk": 30, "fields": {"name": "Can change comments", "content_type": 8, "codename": "change_comments"}}, {"model": "auth.permission", "pk": 31, "fields": {"name": "Can delete comments", "content_type": 8, "codename": "delete_comments"}}, {"model": "auth.permission", "pk": 32, "fields": {"name": "Can view comments", "content_type": 8, "codename": "view_comments"}}, {"model": "auth.permission", "pk": 33, "fields": {"name": "Can add follow", "content_type": 9, "codename": "add_follow"}}, {"model": "auth.permission", "pk": 34, "fields": {"name": "Can change follow", "content_type": 9, "codename": "change_follow"}}, {"model": "auth.permission", "pk": 35, "fields": {"name": "Can delete follow", "content_type": 9, "codename": "delete_follow"}}, {"model": "auth.permission", "pk": 36, "fields": {"name": "Can view follow", "content_type": 9, "codename": "view_follow"}}, {"model": "auth.permission", "pk": 37, "fields": {"name": "Can add user info", "content_type": 10, "codename": "add_userinfo"}}, {"model": "auth.permission", "pk": 38, "fields": {"name": "Can change user info", "content_type": 10, "codename": "change_userinfo"}}, {"model": "auth.permission", "pk": 39, "fields": {"name": "Can delete user info", "content_type": 10, "codename": "delete_userinfo"}}, {"model": "auth.permission", "pk": 40, "fields": {"name": "Can view user info", "content_type": 10, "codename": "view_userinfo"}}, {"model": "auth.permission", "pk": 41, "fields": {"name": "Can add chat", "content_type": 11, "codename": "add_chat"}}, {"model": "auth.permission", "pk": 42, "fields": {"name": "Can change chat", "content_type": 11, "codename": "change_chat"}}, {"model": "auth.permission", "pk": 43, "fields": {"name": "Can delete chat", "content_type": 11, "codename": "delete_chat"}}, {"model": "auth.permission", "pk": 44, "fields": {"name": "Can view chat", "content_type": 11, "codename": "view_chat"}}, {"model": "auth.permission", "pk": 45, "fields": {"name": "Can add posts likes", "content_type": 12, "codename": "add_postslikes"}}, {"model": "auth.permission", "pk": 46, "fields": {"name": "Can change posts likes", "content_type": 12, "codename": "change_postslikes"}}, {"model": "auth.permission", "pk": 47, "fields": {"name": "Can delete posts likes", "content_type": 12, "codename": "delete_postslikes"}}, {"model": "auth.permission", "pk": 48, "fields": {"name": "Can view posts likes", "content_type": 12, "codename": "view_postslikes"}}, {"model": "auth.permission", "pk": 49, "fields": {"name": "Can add notification", "content_type": 13, "codename": "add_notification"}}, {"model": "auth.permission", "pk": 50, "fields": {"name": "Can change notification", "content_type": 13, "codename": "change_notification"}}, {"model": "auth.permission", "pk": 51, "fields": {"name": "Can delete notification", "content_type": 13, "codename": "delete_notification"}}, {"model": "auth.permission", "pk": 52, "fields": {"name": "Can view notification", "content_type": 13, "codename": "view_notification"}}, {"model": "auth.permission", "pk": 53, "fields": {"name": "Can add user", "content_type": 14, "codename": "add_user"}}, {"model": "auth.permission", "pk": 54, "fields": {"name": "Can change user", "content_type": 14, "codename": "change_user"}}, {"model": "auth.permission", "pk": 55, "fields": {"name": "Can delete user", "content_type": 14, "codename": "delete_user"}}, {"model": "auth.permission", "pk": 56, "fields": {"name": "Can view user", "content_type": 14, "codename": "view_user"}}, {"model": "auth.permission", "pk": 57, "fields": {"name": "Can add groups", "content_type": 15, "codename": "add_groups"}}, {"model": "auth.permission", "pk": 58, "fields": {"name": "Can change groups", "content_type": 15, "codename": "change_groups"}}, {"model": "auth.permission", "pk": 59, "fields": {"name": "Can delete groups", "content_type": 15, "codename": "delete_groups"}}, {"model": "auth.permission", "pk": 60, "fields": {"name": "Can view groups", "content_type": 15, "codename": "view_groups"}}, {"model": "auth.permission", "pk": 61, "fields": {"name": "Can add group posts", "content_type": 16, "codename": "add_groupposts"}}, {"model": "auth.permission", "pk": 62, "fields": {"name": "Can change group posts", "content_type": 16, "codename": "change_groupposts"}}, {"model": "auth.permission", "pk": 63, "fields": {"name": "Can delete group posts", "content_type": 16, "codename": "delete_groupposts"}}, {"model": "auth.permission", "pk": 64, "fields": {"name": "Can view group posts", "content_type": 16, "codename": "view_groupposts"}}, {"model": "auth.permission", "pk": 65, "fields": {"name": "Can add group comments", "content_type": 17, "codename": "add_groupcomments"}}, {"model": "auth.permission", "pk": 66, "fields": {"name": "Can change group comments", "content_type": 17, "codename": "change_groupcomments"}}, {"model": "auth.permission", "pk": 67, "fields": {"name": "Can delete group comments", "content_type": 17, "codename": "delete_groupcomments"}}, {"model": "auth.permission", "pk": 68, "fields": {"name": "Can view group comments", "content_type": 17, "codename": "view_groupcomments"}}, {"model": "auth.permission", "pk": 69, "fields": {"name": "Can add groups followers", "content_type": 18, "codename": "add_groupsfollowers"}}, {"model": "auth.permission", "pk": 70, "fields": {"name": "Can change groups followers", "content_type": 18, "codename": "change_groupsfollowers"}}, {"model": "auth.permission", "pk": 71, "fields": {"name": "Can delete groups followers", "content_type": 18, "codename": "delete_groupsfollowers"}}, {"model": "auth.permission", "pk": 72, "fields": {"name": "Can view groups followers", "content_type": 18, "codename": "view_groupsfollowers"}}, {"model": "auth.permission", "pk": 73, "fields": {"name": "Can add groups moderators", "content_type": 19, "codename": "add_groupsmoderators"}}, {"model": "auth.permission", "pk": 74, "fields": {"name": "Can change groups moderators", "content_type": 19, "codename": "change_groupsmoderators"}}, {"model": "auth.permission", "pk": 75, "fields": {"name": "Can delete groups moderators", "content_type": 19, "codename": "delete_groupsmoderators"}}, {"model": "auth.permission", "pk": 76, "fields": {"name": "Can view groups moderators", "content_type": 19, "codename": "view_groupsmoderators"}}, {"model": "auth.permission", "pk": 77, "fields": {"name": "Can add group invites", "content_type": 20, "codename": "add_groupinvites"}}, {"model": "auth.permission", "pk": 78, "fields": {"name": "Can change group invites", "content_type": 20, "codename": "change_groupinvites"}}, {"model": "auth.permission", "pk": 79, "fields": {"name": "Can delete group invites", "content_type": 20, "codename": "delete_groupinvites"}}, {"model": "auth.permission", "pk": 80, "fields": {"name": "Can view group invites", "content_type": 20, "codename": "view_groupinvites"}}, {"model": "auth.user", "pk": 1, "fields": {"password": "pbkdf2_sha256$390000$AYfrMAbsVUg7t0tPxgEN6H$LOlUDLAQ0tP6HaivzVop1tn1peXEwqv7m+OaswoeokI=", "last_login": "2023-04-25T11:20:49.846Z", "is_superuser": false, "username": "test", "first_name": "", "last_name": "", "email": "test@test.test", "is_staff": false, "is_active": true, "date_joined": "2023-04-03T11:30:13.223Z", "groups": [], "user_permissions": []}}, {"model": "auth.user", "pk": 2, "fields": {"password": "pbkdf2_sha256$390000$VOqcgfA3ccr2b8L1LX6QzR$sxGQPnHlSDciJnpObZ0J+TbEKQty2vQjCkYuhsOpwQA=", "last_login": "2023-04-11T09:28:51.522Z", "is_superuser": false, "username": "test1", "first_name": "", "last_name": "", "email": "test@test.test1", "is_staff": false, "is_active": true, "date_joined": "2023-04-03T11:31:08.511Z", "groups": [], "user_permissions": []}}, {"model": "auth.user", "pk": 3, "fields": {"password": "pbkdf2_sha256$390000$pc4nJf265SGBz0rU0hivgq$d+zMRAVTe76iFBQ2UiQmja2T7TGe3ku5WODqaANwc7U=", "last_login": "2023-04-11T10:30:41.242Z", "is_superuser": false, "username": "test2", "first_name": "", "last_name": "", "email": "test@test.test2", "is_staff": false, "is_active": true, "date_joined": "2023-04-03T11:31:43.274Z", "groups": [], "user_permissions": []}}, {"model": "auth.user", "pk": 4, "fields": {"password": "pbkdf2_sha256$390000$yWtZe5e9A8YNkFzTgP4v68$/xivQCrnWwj1kDy0EzgQEpAYiPpKUFO4jq8xizHgQv0=", "last_login": "2023-04-03T11:32:11.398Z", "is_superuser": false, "username": "test3", "first_name": "", "last_name": "", "email": "test@test.test3", "is_staff": false, "is_active": true, "date_joined": "2023-04-03T11:32:11.151Z", "groups": [], "user_permissions": []}}, {"model": "auth.user", "pk": 5, "fields": {"password": "pbkdf2_sha256$390000$VWqYqhTeBFbrrln7HtQeq8$8mhSvD8B0HOS8HNqUhfwi+HxnHydTDl00exawljlcYA=", "last_login": "2023-04-11T10:49:48.602Z", "is_superuser": false, "username": "test4", "first_name": "", "last_name": "", "email": "test@test.test4", "is_staff": false, "is_active": true, "date_joined": "2023-04-11T10:49:48.330Z", "groups": [], "user_permissions": []}}, {"model": "auth.user", "pk": 6, "fields": {"password": "pbkdf2_sha256$390000$I6zIzrDQivy2bK1J9sDNUq$Pd1QRyVDmX6Nks8i2OAo9lQo7Wn+MMbXX8Eyvf5w9jo=", "last_login": "2023-04-11T10:50:14.433Z", "is_superuser": false, "username": "test5", "first_name": "", "last_name": "", "email": "test@test.test5", "is_staff": false, "is_active": true, "date_joined": "2023-04-11T10:50:14.186Z", "groups": [], "user_permissions": []}}, {"model": "auth.user", "pk": 7, "fields": {"password": "pbkdf2_sha256$390000$ywqHfuQZ3BePhlsZAU09TD$md8Pm76ej1t+Jhl5hMOPFaMxNkewhzN1uhI6/vWfWyQ=", "last_login": "2023-04-25T13:13:06.176Z", "is_superuser": true, "username": "nvast", "first_name": "", "last_name": "", "email": "", "is_staff": true, "is_active": true, "date_joined": "2023-04-25T13:12:48.138Z", "groups": [], "user_permissions": []}}, {"model": "contenttypes.contenttype", "pk": 1, "fields": {"app_label": "admin", "model": "logentry"}}, {"model": "contenttypes.contenttype", "pk": 2, "fields": {"app_label": "auth", "model": "permission"}}, {"model": "contenttypes.contenttype", "pk": 3, "fields": {"app_label": "auth", "model": "group"}}, {"model": "contenttypes.contenttype", "pk": 4, "fields": {"app_label": "auth", "model": "user"}}, {"model": "contenttypes.contenttype", "pk": 5, "fields": {"app_label": "contenttypes", "model": "contenttype"}}, {"model": "contenttypes.contenttype", "pk": 6, "fields": {"app_label": "sessions", "model": "session"}}, {"model": "contenttypes.contenttype", "pk": 7, "fields": {"app_label": "main", "model": "posts"}}, {"model": "contenttypes.contenttype", "pk": 8, "fields": {"app_label": "main", "model": "comments"}}, {"model": "contenttypes.contenttype", "pk": 9, "fields": {"app_label": "main", "model": "follow"}}, {"model": "contenttypes.contenttype", "pk": 10, "fields": {"app_label": "main", "model": "userinfo"}}, {"model": "contenttypes.contenttype", "pk": 11, "fields": {"app_label": "main", "model": "chat"}}, {"model": "contenttypes.contenttype", "pk": 12, "fields": {"app_label": "main", "model": "postslikes"}}, {"model": "contenttypes.contenttype", "pk": 13, "fields": {"app_label": "main", "model": "notification"}}, {"model": "contenttypes.contenttype", "pk": 14, "fields": {"app_label": "main", "model": "user"}}, {"model": "contenttypes.contenttype", "pk": 15, "fields": {"app_label": "groups", "model": "groups"}}, {"model": "contenttypes.contenttype", "pk": 16, "fields": {"app_label": "groups", "model": "groupposts"}}, {"model": "contenttypes.contenttype", "pk": 17, "fields": {"app_label": "groups", "model": "groupcomments"}}, {"model": "contenttypes.contenttype", "pk": 18, "fields": {"app_label": "groups", "model": "groupsfollowers"}}, {"model": "contenttypes.contenttype", "pk": 19, "fields": {"app_label": "groups", "model": "groupsmoderators"}}, {"model": "contenttypes.contenttype", "pk": 20, "fields": {"app_label": "main", "model": "groupinvites"}}, {"model": "sessions.session", "pk": "xl31vol102c5h96749i1p4a3wy0h003t", "fields": {"session_data": ".eJxVjMEOwiAQBf-FsyGwhQIevfcbyAKLVA0kpT0Z_9026UGvb2bem3nc1uK3ToufE7sywy6_W8D4pHqA9MB6bzy2ui5z4IfCT9r51BK9bqf7d1Cwl72mEQQkg9lARmlJqZwEBO1sDMMAg8wktRttjEIhoY16hxAgSa2Uc4Z9vuiRN6I:1prITi:Q2nqm5QlzlHIGIo8-DktZJjwxobc4slX2yGfWa1QWZY", "expire_date": "2023-05-09T13:13:06.177Z"}}, {"model": "main.posts", "pk": 1, "fields": {"user_id": 4, "to_user": 4, "user_profile_name": "test3", "date": "2023-04-03", "time": "13:33:14.190", "post": "asdf", "username": "test3"}}, {"model": "main.posts", "pk": 2, "fields": {"user_id": 1, "to_user": 1, "user_profile_name": "test", "date": "2023-04-03", "time": "15:26:43.333", "post": "sadfsddfsdf", "username": "test"}}, {"model": "main.posts", "pk": 3, "fields": {"user_id": 1, "to_user": 2, "user_profile_name": "test1", "date": "2023-04-05", "time": "10:13:30.203", "post": "asd", "username": "test"}}, {"model": "main.posts", "pk": 5, "fields": {"user_id": 1, "to_user": 1, "user_profile_name": "test", "date": "2023-04-05", "time": "10:49:47.095", "post": "asd", "username": "test"}}, {"model": "main.posts", "pk": 6, "fields": {"user_id": 1, "to_user": 2, "user_profile_name": "test1", "date": "2023-04-05", "time": "10:50:01.600", "post": "asss", "username": "test"}}, {"model": "main.posts", "pk": 7, "fields": {"user_id": 2, "to_user": 2, "user_profile_name": "test1", "date": "2023-04-05", "time": "13:24:37.638", "post": "123", "username": "test1"}}, {"model": "main.posts", "pk": 8, "fields": {"user_id": 1, "to_user": 2, "user_profile_name": "test1", "date": "2023-04-06", "time": "09:16:12.868", "post": "123", "username": "test"}}, {"model": "main.posts", "pk": 9, "fields": {"user_id": 2, "to_user": 2, "user_profile_name": "test1", "date": "2023-04-06", "time": "09:33:05.387", "post": "123", "username": "test1"}}, {"model": "main.posts", "pk": 10, "fields": {"user_id": 2, "to_user": 1, "user_profile_name": "test", "date": "2023-04-06", "time": "09:37:47.690", "post": "123", "username": "test1"}}, {"model": "main.posts", "pk": 11, "fields": {"user_id": 2, "to_user": 1, "user_profile_name": "test", "date": "2023-04-06", "time": "13:47:19.174", "post": "asd", "username": "test1"}}, {"model": "main.posts", "pk": 12, "fields": {"user_id": 3, "to_user": 3, "user_profile_name": "test2", "date": "2023-04-11", "time": "12:42:40.278", "post": "a", "username": "test2"}}, {"model": "main.posts", "pk": 14, "fields": {"user_id": 1, "to_user": 1, "user_profile_name": "test", "date": "2023-04-25", "time": "13:08:11.955", "post": "sdfg", "username": "test"}}, {"model": "main.comments", "pk": 7, "fields": {"user_id": 2, "post_id": 2, "username": "test1", "text": "123"}}, {"model": "main.comments", "pk": 8, "fields": {"user_id": 1, "post_id": 2, "username": "test", "text": "dfgdf"}}, {"model": "main.comments", "pk": 9, "fields": {"user_id": 1, "post_id": 2, "username": "test", "text": "asdf"}}, {"model": "main.comments", "pk": 10, "fields": {"user_id": 2, "post_id": 2, "username": "test1", "text": "456"}}, {"model": "main.comments", "pk": 22, "fields": {"user_id": 1, "post_id": 10, "username": "test", "text": "123"}}, {"model": "main.comments", "pk": 23, "fields": {"user_id": 3, "post_id": 10, "username": "test2", "text": "12333"}}, {"model": "main.comments", "pk": 24, "fields": {"user_id": 2, "post_id": 10, "username": "test1", "text": "abc"}}, {"model": "main.comments", "pk": 25, "fields": {"user_id": 1, "post_id": 10, "username": "test", "text": "ccc"}}, {"model": "main.comments", "pk": 26, "fields": {"user_id": 3, "post_id": 10, "username": "test2", "text": "111"}}, {"model": "main.comments", "pk": 27, "fields": {"user_id": 3, "post_id": 10, "username": "test2", "text": "aaa"}}, {"model": "main.comments", "pk": 28, "fields": {"user_id": 3, "post_id": 10, "username": "test2", "text": "111"}}, {"model": "main.comments", "pk": 30, "fields": {"user_id": 2, "post_id": 3, "username": "test1", "text": "1"}}, {"model": "main.comments", "pk": 31, "fields": {"user_id": 2, "post_id": 7, "username": "test1", "text": "111"}}, {"model": "main.comments", "pk": 35, "fields": {"user_id": 2, "post_id": 7, "username": "test1", "text": "1"}}, {"model": "main.comments", "pk": 36, "fields": {"user_id": 2, "post_id": 7, "username": "test1", "text": "1"}}, {"model": "main.comments", "pk": 37, "fields": {"user_id": 2, "post_id": 7, "username": "test1", "text": "1"}}, {"model": "main.comments", "pk": 38, "fields": {"user_id": 2, "post_id": 7, "username": "test1", "text": "1"}}, {"model": "main.comments", "pk": 39, "fields": {"user_id": 2, "post_id": 7, "username": "test1", "text": "1"}}, {"model": "main.comments", "pk": 40, "fields": {"user_id": 3, "post_id": 10, "username": "test2", "text": "3"}}, {"model": "main.comments", "pk": 41, "fields": {"user_id": 3, "post_id": 10, "username": "test2", "text": "a"}}, {"model": "main.comments", "pk": 42, "fields": {"user_id": 3, "post_id": 12, "username": "test2", "text": "a"}}, {"model": "main.comments", "pk": 43, "fields": {"user_id": 3, "post_id": 12, "username": "test2", "text": "b"}}, {"model": "main.comments", "pk": 44, "fields": {"user_id": 1, "post_id": 14, "username": "test", "text": "123"}}, {"model": "main.follow", "pk": 2, "fields": {"from_user": 4, "to_user": 2, "created_at": "2023-04-03T11:33:48.105Z"}}, {"model": "main.follow", "pk": 17, "fields": {"from_user": 2, "to_user": 4, "created_at": "2023-04-06T07:40:11.756Z"}}, {"model": "main.follow", "pk": 18, "fields": {"from_user": 3, "to_user": 1, "created_at": "2023-04-06T08:03:42.292Z"}}, {"model": "main.follow", "pk": 19, "fields": {"from_user": 2, "to_user": 1, "created_at": "2023-04-11T09:00:27.047Z"}}, {"model": "main.follow", "pk": 20, "fields": {"from_user": 3, "to_user": 2, "created_at": "2023-04-11T09:20:20.633Z"}}, {"model": "main.follow", "pk": 21, "fields": {"from_user": 1, "to_user": 3, "created_at": "2023-04-11T11:01:26.986Z"}}, {"model": "main.follow", "pk": 22, "fields": {"from_user": 1, "to_user": 5, "created_at": "2023-04-11T11:01:33.358Z"}}, {"model": "main.follow", "pk": 27, "fields": {"from_user": 1, "to_user": 2, "created_at": "2023-04-11T11:29:16.413Z"}}, {"model": "main.userinfo", "pk": 1, "fields": {"user": 1, "profile_pic": "images/profile/17342736_1394418100578280_5237268394435838932_n_eOQEmnC.jpg", "name": "test", "sex": "", "date_of_birth": "", "live_in": "", "email": "", "phone": ""}}, {"model": "main.userinfo", "pk": 2, "fields": {"user": 2, "profile_pic": "images/profile/567271_NlD63MW.jpg", "name": "test1", "sex": "", "date_of_birth": "", "live_in": "", "email": "", "phone": ""}}, {"model": "main.userinfo", "pk": 3, "fields": {"user": 3, "profile_pic": "../static/images/user.png", "name": "test2", "sex": "", "date_of_birth": "", "live_in": "", "email": "", "phone": ""}}, {"model": "main.userinfo", "pk": 4, "fields": {"user": 4, "profile_pic": "../static/images/user.png", "name": "test3", "sex": "", "date_of_birth": "", "live_in": "", "email": "", "phone": ""}}, {"model": "main.userinfo", "pk": 5, "fields": {"user": 5, "profile_pic": "../static/images/user.png", "name": "test4", "sex": "", "date_of_birth": "", "live_in": "", "email": "", "phone": ""}}, {"model": "main.userinfo", "pk": 6, "fields": {"user": 6, "profile_pic": "../static/images/user.png", "name": "test5", "sex": "", "date_of_birth": "", "live_in": "", "email": "", "phone": ""}}, {"model": "main.userinfo", "pk": 7, "fields": {"user": 7, "profile_pic": "../static/images/user.png", "name": "nvast", "sex": "", "date_of_birth": "", "live_in": "", "email": "", "phone": ""}}, {"model": "main.chat", "pk": 25, "fields": {"sender": 1, "recipient": 4, "conversation_id": "d546b00e-0cae-48c1-b731-e04b5af55d9d", "timestamp": "2023-04-05T08:41:01.711Z", "message": "123"}}, {"model": "main.chat", "pk": 26, "fields": {"sender": 1, "recipient": 2, "conversation_id": "c11181ba-6568-42aa-8b1d-6a21e38c2636", "timestamp": "2023-04-05T11:24:08.582Z", "message": "123"}}, {"model": "main.chat", "pk": 27, "fields": {"sender": 1, "recipient": 2, "conversation_id": "e0a9e693-bb63-4ff7-bc54-b6e3a2b9d913", "timestamp": "2023-04-05T11:53:49.401Z", "message": "asd"}}, {"model": "main.chat", "pk": 31, "fields": {"sender": 2, "recipient": 1, "conversation_id": "b53ed8bf-9aff-4f70-9220-73277ae872ef", "timestamp": "2023-04-11T10:20:39.069Z", "message": "ahoj"}}, {"model": "main.chat", "pk": 32, "fields": {"sender": 3, "recipient": 1, "conversation_id": "5e35c334-03e3-4a7f-842b-5b23624f958d", "timestamp": "2023-04-11T10:44:17.522Z", "message": "123"}}, {"model": "main.chat", "pk": 33, "fields": {"sender": 1, "recipient": 5, "conversation_id": "04266933-d16d-46be-bec4-91bc1330fdad", "timestamp": "2023-04-25T11:15:34.709Z", "message": "3"}}, {"model": "main.chat", "pk": 34, "fields": {"sender": 1, "recipient": 3, "conversation_id": "5e35c334-03e3-4a7f-842b-5b23624f958d", "timestamp": "2023-04-25T11:15:43.469Z", "message": "3"}}, {"model": "main.chat", "pk": 35, "fields": {"sender": 1, "recipient": 2, "conversation_id": "b53ed8bf-9aff-4f70-9220-73277ae872ef", "timestamp": "2023-04-25T11:16:09.960Z", "message": "èauko"}}, {"model": "main.chat", "pk": 36, "fields": {"sender": 1, "recipient": 2, "conversation_id": "b53ed8bf-9aff-4f70-9220-73277ae872ef", "timestamp": "2023-04-25T11:16:46.374Z", "message": "èaukoèaukoèaukoèaukoèaukoèaukoèaukoèaukoèaukoèaukoèaukoèaukoèaukoèaukoèaukoèaukoèaukoèaukoèaukoèaukoèaukoèaukoèaukoèaukoèaukoèaukoèaukoèaukoèaukoèaukoèaukoèaukoèaukoèaukoèaukoèaukoèaukoèaukoèaukoèaukoèaukoèaukoèaukoèaukoèaukoèaukoèaukoèaukoèaukoèaukoèaukoèaukoèaukoèaukoèaukoèaukoèaukoèaukoèaukoèaukoèaukoèaukoèaukoèaukoèaukoèaukoèaukoèaukoèauko"}}, {"model": "main.chat", "pk": 37, "fields": {"sender": 1, "recipient": 2, "conversation_id": "b53ed8bf-9aff-4f70-9220-73277ae872ef", "timestamp": "2023-04-25T11:16:55.650Z", "message": "èaukoèaukoèaukoèaukoèaukoèaukoèaukoèaukoèaukoèaukoèaukoèaukoèaukoèaukoèaukoèaukoèaukoèaukoèaukoèaukoèaukoèaukoèaukoèaukoèaukoèauko"}}, {"model": "main.postslikes", "pk": 1, "fields": {"user": 4, "post": 1, "timestamp": "2023-04-03T11:33:15.991Z"}}, {"model": "main.postslikes", "pk": 4, "fields": {"user": 1, "post": 1, "timestamp": "2023-04-05T08:48:14.954Z"}}, {"model": "main.postslikes", "pk": 9, "fields": {"user": 1, "post": 6, "timestamp": "2023-04-05T08:55:21.561Z"}}, {"model": "main.postslikes", "pk": 11, "fields": {"user": 1, "post": 7, "timestamp": "2023-04-05T11:53:38.251Z"}}, {"model": "main.postslikes", "pk": 21, "fields": {"user": 1, "post": 14, "timestamp": "2023-04-25T11:15:17.897Z"}}, {"model": "main.groupinvites", "pk": 10, "fields": {"group": 1, "user": 2, "timestamp": "2023-04-06T07:23:36.041Z"}}, {"model": "main.groupinvites", "pk": 22, "fields": {"group": 2, "user": 1, "timestamp": "2023-04-06T07:49:17.765Z"}}, {"model": "main.groupinvites", "pk": 23, "fields": {"group": 1, "user": 3, "timestamp": "2023-04-11T10:30:31.460Z"}}, {"model": "main.notification", "pk": 34, "fields": {"from_user": 1, "to_user": 2, "notification_type": "Like", "timestamp": "2023-04-05T11:53:38.258Z", "follow": null, "comment": null, "chat": null, "like": 11, "post": null, "invite": null}}, {"model": "main.notification", "pk": 36, "fields": {"from_user": 1, "to_user": 2, "notification_type": "Chat", "timestamp": "2023-04-05T11:53:49.408Z", "follow": null, "comment": null, "chat": 27, "like": null, "post": null, "invite": null}}, {"model": "main.notification", "pk": 39, "fields": {"from_user": 1, "to_user": 2, "notification_type": "Post", "timestamp": "2023-04-06T07:16:12.870Z", "follow": null, "comment": null, "chat": null, "like": null, "post": 8, "invite": null}}, {"model": "main.notification", "pk": 41, "fields": {"from_user": 1, "to_user": 2, "notification_type": "Invite", "timestamp": "2023-04-06T07:23:36.047Z", "follow": null, "comment": null, "chat": null, "like": null, "post": null, "invite": 10}}, {"model": "main.notification", "pk": 42, "fields": {"from_user": 1, "to_user": 2, "notification_type": "Like", "timestamp": "2023-04-06T07:27:51.498Z", "follow": null, "comment": null, "chat": null, "like": 11, "post": null, "invite": null}}, {"model": "main.notification", "pk": 48, "fields": {"from_user": 2, "to_user": 1, "notification_type": "Post", "timestamp": "2023-04-06T07:37:47.692Z", "follow": null, "comment": null, "chat": null, "like": null, "post": 10, "invite": null}}, {"model": "main.notification", "pk": 51, "fields": {"from_user": 2, "to_user": 4, "notification_type": "Follow", "timestamp": "2023-04-06T07:40:11.758Z", "follow": 17, "comment": null, "chat": null, "like": null, "post": null, "invite": null}}, {"model": "main.notification", "pk": 62, "fields": {"from_user": 2, "to_user": 1, "notification_type": "Invite", "timestamp": "2023-04-06T07:49:17.766Z", "follow": null, "comment": null, "chat": null, "like": null, "post": null, "invite": 22}}, {"model": "main.notification", "pk": 63, "fields": {"from_user": 3, "to_user": 1, "notification_type": "Follow", "timestamp": "2023-04-06T08:03:42.299Z", "follow": 18, "comment": null, "chat": null, "like": null, "post": null, "invite": null}}, {"model": "main.notification", "pk": 64, "fields": {"from_user": 3, "to_user": 2, "notification_type": "Comment", "timestamp": "2023-04-06T08:04:38.457Z", "follow": null, "comment": 23, "chat": null, "like": null, "post": null, "invite": null}}, {"model": "main.notification", "pk": 65, "fields": {"from_user": 2, "to_user": 1, "notification_type": "Post", "timestamp": "2023-04-06T11:47:19.177Z", "follow": null, "comment": null, "chat": null, "like": null, "post": 11, "invite": null}}, {"model": "main.notification", "pk": 66, "fields": {"from_user": 2, "to_user": 1, "notification_type": "Follow", "timestamp": "2023-04-11T09:00:27.055Z", "follow": 19, "comment": null, "chat": null, "like": null, "post": null, "invite": null}}, {"model": "main.notification", "pk": 67, "fields": {"from_user": 3, "to_user": 2, "notification_type": "Follow", "timestamp": "2023-04-11T09:20:20.640Z", "follow": 20, "comment": null, "chat": null, "like": null, "post": null, "invite": null}}, {"model": "main.notification", "pk": 68, "fields": {"from_user": 1, "to_user": 2, "notification_type": "Comment", "timestamp": "2023-04-11T09:20:58.962Z", "follow": null, "comment": 25, "chat": null, "like": null, "post": null, "invite": null}}, {"model": "main.notification", "pk": 69, "fields": {"from_user": 1, "to_user": 3, "notification_type": "Comment", "timestamp": "2023-04-11T09:20:58.963Z", "follow": null, "comment": 25, "chat": null, "like": null, "post": null, "invite": null}}, {"model": "main.notification", "pk": 70, "fields": {"from_user": 3, "to_user": 1, "notification_type": "Comment", "timestamp": "2023-04-11T09:28:32.614Z", "follow": null, "comment": 28, "chat": null, "like": null, "post": null, "invite": null}}, {"model": "main.notification", "pk": 71, "fields": {"from_user": 3, "to_user": 2, "notification_type": "Comment", "timestamp": "2023-04-11T09:28:32.616Z", "follow": null, "comment": 28, "chat": null, "like": null, "post": null, "invite": null}}, {"model": "main.notification", "pk": 73, "fields": {"from_user": 2, "to_user": 1, "notification_type": "Chat", "timestamp": "2023-04-11T10:20:39.077Z", "follow": null, "comment": null, "chat": 31, "like": null, "post": null, "invite": null}}, {"model": "main.notification", "pk": 74, "fields": {"from_user": 1, "to_user": 3, "notification_type": "Invite", "timestamp": "2023-04-11T10:30:31.468Z", "follow": null, "comment": null, "chat": null, "like": null, "post": null, "invite": 23}}, {"model": "main.notification", "pk": 75, "fields": {"from_user": 3, "to_user": 1, "notification_type": "Comment", "timestamp": "2023-04-11T10:37:55.121Z", "follow": null, "comment": 40, "chat": null, "like": null, "post": null, "invite": null}}, {"model": "main.notification", "pk": 76, "fields": {"from_user": 3, "to_user": 2, "notification_type": "Comment", "timestamp": "2023-04-11T10:37:55.122Z", "follow": null, "comment": 40, "chat": null, "like": null, "post": null, "invite": null}}, {"model": "main.notification", "pk": 77, "fields": {"from_user": 3, "to_user": 1, "notification_type": "Comment", "timestamp": "2023-04-11T10:42:21.352Z", "follow": null, "comment": 41, "chat": null, "like": null, "post": null, "invite": null}}, {"model": "main.notification", "pk": 78, "fields": {"from_user": 3, "to_user": 2, "notification_type": "Comment", "timestamp": "2023-04-11T10:42:21.354Z", "follow": null, "comment": 41, "chat": null, "like": null, "post": null, "invite": null}}, {"model": "main.notification", "pk": 79, "fields": {"from_user": 3, "to_user": 3, "notification_type": "Post", "timestamp": "2023-04-11T10:42:40.285Z", "follow": null, "comment": null, "chat": null, "like": null, "post": 12, "invite": null}}, {"model": "main.notification", "pk": 80, "fields": {"from_user": 3, "to_user": 1, "notification_type": "Chat", "timestamp": "2023-04-11T10:44:17.529Z", "follow": null, "comment": null, "chat": 32, "like": null, "post": null, "invite": null}}, {"model": "main.notification", "pk": 81, "fields": {"from_user": 1, "to_user": 3, "notification_type": "Follow", "timestamp": "2023-04-11T11:01:26.987Z", "follow": 21, "comment": null, "chat": null, "like": null, "post": null, "invite": null}}, {"model": "main.notification", "pk": 82, "fields": {"from_user": 1, "to_user": 5, "notification_type": "Follow", "timestamp": "2023-04-11T11:01:33.360Z", "follow": 22, "comment": null, "chat": null, "like": null, "post": null, "invite": null}}, {"model": "main.notification", "pk": 87, "fields": {"from_user": 1, "to_user": 2, "notification_type": "Follow", "timestamp": "2023-04-11T11:29:16.420Z", "follow": 27, "comment": null, "chat": null, "like": null, "post": null, "invite": null}}, {"model": "main.notification", "pk": 90, "fields": {"from_user": 1, "to_user": 1, "notification_type": "Like", "timestamp": "2023-04-25T11:15:17.906Z", "follow": null, "comment": null, "chat": null, "like": 21, "post": null, "invite": null}}, {"model": "main.notification", "pk": 91, "fields": {"from_user": 1, "to_user": 5, "notification_type": "Chat", "timestamp": "2023-04-25T11:15:34.712Z", "follow": null, "comment": null, "chat": 33, "like": null, "post": null, "invite": null}}, {"model": "main.notification", "pk": 92, "fields": {"from_user": 1, "to_user": 3, "notification_type": "Chat", "timestamp": "2023-04-25T11:15:43.470Z", "follow": null, "comment": null, "chat": 34, "like": null, "post": null, "invite": null}}, {"model": "main.notification", "pk": 93, "fields": {"from_user": 1, "to_user": 2, "notification_type": "Chat", "timestamp": "2023-04-25T11:16:09.967Z", "follow": null, "comment": null, "chat": 35, "like": null, "post": null, "invite": null}}, {"model": "main.notification", "pk": 94, "fields": {"from_user": 1, "to_user": 2, "notification_type": "Chat", "timestamp": "2023-04-25T11:16:46.380Z", "follow": null, "comment": null, "chat": 36, "like": null, "post": null, "invite": null}}, {"model": "main.notification", "pk": 95, "fields": {"from_user": 1, "to_user": 2, "notification_type": "Chat", "timestamp": "2023-04-25T11:16:55.657Z", "follow": null, "comment": null, "chat": 37, "like": null, "post": null, "invite": null}}, {"model": "groups.groups", "pk": 1, "fields": {"name": "Group", "type": "Basic", "owner": 4, "private": false, "picture": "../static/images/group-profile.png"}}, {"model": "groups.groups", "pk": 2, "fields": {"name": "Groupa", "type": "Basic", "owner": 2, "private": false, "picture": "../static/images/group-profile.png"}}, {"model": "groups.groups", "pk": 3, "fields": {"name": "A", "type": "Basic", "owner": 1, "private": false, "picture": "../static/images/group-profile.png"}}, {"model": "groups.groupsfollowers", "pk": 3, "fields": {"groups": 2, "user": 1, "joined": "2023-04-11T12:10:35.727Z"}}]